prob_0,prob_1,prob_2,prob_3,prob_4,prob_5,prob_6,prob_7,prob_8,prob_9,prob_10,prob_11,prob_12,prob_13,prob_14,prob_15,prob_16,prob_17,prob_18,prob_19,prob_20,prob_21,prob_22,prob_23,prob_24,prob_25,prob_26,prob_27,prob_28,prob_29,prob_30,prob_31,prob_32,prob_33,prob_34,prob_35,prob_36,prob_37,prob_38,prob_39,prob_40,prob_41,prob_42,true_label,pred_label,confidence,is_correct,image_path,true_name,pred_name
3.5139552e-10,7.488189e-09,3.2080367e-09,2.0212394e-09,3.0127133e-08,1.0192009e-08,3.814633e-09,2.3573046e-10,5.087048e-09,2.0591841e-08,2.2158668e-08,3.3053476e-07,7.098648e-08,4.749543e-09,2.655263e-09,4.4679997e-09,1.9363762e-09,2.2169361e-08,0.0002166618,2.8528517e-09,5.269945e-09,8.016548e-07,1.16409e-07,7.242258e-09,9.12051e-09,2.0016511e-08,0.99978167,1.6046774e-07,1.0987045e-09,4.9308277e-09,2.994627e-08,2.7326248e-09,7.281219e-09,3.8794945e-10,1.7329711e-09,1.9478372e-09,1.8580226e-09,3.040921e-08,2.8558351e-09,1.3981314e-09,7.956787e-11,4.105302e-09,2.6929842e-10,18,26,0.99978167,False,/content/traffic-sign-classification/data/gtsrb/GTSRB/Final_Test/Images/02054.ppm,Gen caution,Traffic sigs
6.8312633e-10,1.5202064e-08,1.0184267e-08,6.508688e-09,5.169966e-08,2.3841418e-08,1.0956154e-08,5.797507e-10,1.1522274e-08,5.4365866e-08,4.4258783e-08,5.051252e-07,3.4801704e-07,1.2675322e-08,4.8344293e-09,1.1587819e-08,4.680786e-09,4.406967e-08,0.0003576242,6.5957684e-09,1.5918413e-08,6.577734e-07,3.52495e-07,2.1857302e-08,1.7346341e-08,3.5427657e-08,0.99963975,1.8848075e-07,2.1221573e-09,1.3446335e-08,5.553328e-08,5.8703824e-09,1.8836063e-08,1.2070719e-09,6.677629e-09,7.048787e-09,5.905838e-09,8.426246e-08,1.0155519e-08,3.5613887e-09,2.208205e-10,1.20543895e-08,8.8897184e-10,18,26,0.99963975,False,/content/traffic-sign-classification/data/gtsrb/GTSRB/Final_Test/Images/09546.ppm,Gen caution,Traffic sigs
3.9923695e-09,4.3600107e-08,2.3646214e-08,2.1321299e-08,1.7412138e-07,8.655746e-08,3.1204728e-08,2.506389e-09,4.5657494e-08,1.6097131e-07,1.2717337e-07,7.5109153e-07,9.850462e-07,3.993575e-08,2.1678177e-08,3.29028e-08,2.0434644e-08,1.1336887e-07,0.0006202086,1.2801902e-08,6.007268e-08,1.2967503e-06,1.2647363e-06,4.2633832e-08,6.752323e-08,2.2355239e-07,0.9993723,1.3840083e-06,9.450483e-09,4.7578354e-08,1.2715445e-07,1.9411708e-08,7.731468e-08,3.9197303e-09,1.4136048e-08,2.0044487e-08,1.3837113e-08,1.5069381e-07,2.0194184e-08,1.2022764e-08,8.716972e-10,5.5925263e-08,3.1374683e-09,18,26,0.9993723,False,/content/traffic-sign-classification/data/gtsrb/GTSRB/Final_Test/Images/09383.ppm,Gen caution,Traffic sigs
8.675833e-08,1.8583542e-05,1.9317873e-05,0.00066545495,1.4251804e-06,0.99926776,7.13045e-06,9.076487e-06,5.3320427e-06,8.556687e-08,3.1111022e-06,5.353248e-08,3.9998042e-08,5.871898e-07,8.702643e-09,4.0905352e-08,4.9429036e-07,9.1920466e-10,1.1266682e-07,6.1091803e-09,2.116201e-07,5.6294254e-09,1.3653678e-08,4.6169437e-09,3.0080176e-09,1.9516479e-08,2.7305392e-08,3.6871033e-09,2.8874423e-08,1.2244145e-08,1.7241022e-07,4.241572e-09,9.402158e-09,1.32519125e-08,3.6501405e-07,2.837226e-09,2.1428775e-08,1.695741e-08,6.9574384e-08,1.2608078e-07,4.276391e-08,2.2453092e-08,8.6364054e-08,3,5,0.99926776,False,/content/traffic-sign-classification/data/gtsrb/GTSRB/Final_Test/Images/10135.ppm,Speed 60,Speed 80
1.5574693e-07,1.5407057e-06,1.5677005e-06,2.731822e-06,1.2155054e-06,1.1313927e-06,1.5927942e-07,2.207284e-07,1.0890132e-06,1.9759624e-07,8.647872e-08,0.9989108,1.3064542e-06,2.0401185e-06,4.993869e-07,1.7318068e-07,2.5832628e-07,4.3946407e-06,2.3608412e-05,1.7448347e-06,7.684176e-07,4.147461e-05,6.6069965e-08,1.0582437e-05,1.9944442e-05,2.9238896e-05,4.9888098e-05,0.00075829326,6.764843e-05,4.2257184e-07,5.562586e-05,1.4277123e-06,1.524834e-06,1.16253815e-07,5.3927795e-07,5.197923e-06,1.1013452e-07,4.095898e-07,4.6847964e-07,4.6126146e-07,5.350981e-07,1.9415137e-07,1.6748263e-07,27,11,0.9989108,False,/content/traffic-sign-classification/data/gtsrb/GTSRB/Final_Test/Images/00829.ppm,Pedestrians,Right-of-way
5.7579285e-07,4.2693708e-05,0.9987691,0.0009571117,7.920917e-06,0.0001882639,3.9074362e-07,1.8616003e-06,1.729556e-05,2.3695495e-06,4.602689e-07,3.8807943e-07,2.0907181e-07,2.6886502e-07,4.5114442e-07,1.2697384e-06,3.8220474e-08,3.099229e-08,1.6855562e-07,5.52745e-08,7.419506e-08,2.0132643e-07,7.9878774e-08,4.6192977e-07,2.1025983e-08,5.5109016e-08,1.0228114e-07,1.26262485e-08,3.198719e-08,4.5066884e-07,3.051692e-08,5.5945158e-08,1.6629368e-08,6.935026e-08,2.8505078e-06,1.192393e-07,9.3583346e-08,3.517778e-07,5.795766e-07,9.173706e-08,3.2605612e-06,3.5988318e-08,2.2860522e-08,3,2,0.9987691,False,/content/traffic-sign-classification/data/gtsrb/GTSRB/Final_Test/Images/12463.ppm,Speed 60,Speed 50
3.5879884e-07,2.7252916e-06,2.980034e-06,5.3282747e-06,2.3898751e-06,2.0630207e-06,2.935001e-07,4.1479692e-07,2.08795e-06,4.0127117e-07,1.7603533e-07,0.99856454,2.5092177e-06,3.5931437e-06,1.0688285e-06,3.559462e-07,4.808279e-07,8.976398e-06,3.8381182e-05,2.9426594e-06,1.13982e-06,6.537556e-05,1.258201e-07,1.6292288e-05,2.896216e-05,3.910296e-05,8.701655e-05,0.0009305678,8.2694496e-05,7.0639857e-07,8.304222e-05,2.3155112e-06,2.5840193e-06,2.8243508e-07,1.2359421e-06,1.1899214e-05,2.1259142e-07,8.659071e-07,8.9473605e-07,9.0573104e-07,1.1121202e-06,3.6943356e-07,2.9586892e-07,27,11,0.99856454,False,/content/traffic-sign-classification/data/gtsrb/GTSRB/Final_Test/Images/05518.ppm,Pedestrians,Right-of-way
3.010803e-07,2.4405197e-06,2.4011895e-06,4.091727e-06,1.966022e-06,1.863369e-06,2.6955405e-07,3.7320225e-07,1.89009e-06,3.7828772e-07,1.5708859e-07,0.9979063,1.8993343e-06,2.600163e-06,8.4432804e-07,2.5339725e-07,4.7942297e-07,7.706615e-06,3.791314e-05,2.6125986e-06,1.2509315e-06,7.228701e-05,1.2045284e-07,1.7824643e-05,2.8436552e-05,5.6384713e-05,8.913401e-05,0.0015350161,0.0001331813,7.0201827e-07,7.138008e-05,2.344468e-06,2.6272123e-06,2.1087277e-07,8.126284e-07,7.512099e-06,1.7870106e-07,6.585468e-07,7.4438105e-07,7.8746206e-07,9.0761574e-07,3.6918692e-07,2.885581e-07,27,11,0.9979063,False,/content/traffic-sign-classification/data/gtsrb/GTSRB/Final_Test/Images/08585.ppm,Pedestrians,Right-of-way
2.3163196e-07,2.2334293e-06,1.631922e-06,2.8523068e-06,1.67931e-06,1.4929286e-06,2.392712e-07,2.9632707e-07,1.5793992e-06,2.8824562e-07,1.3004372e-07,0.9977016,1.458726e-06,2.496668e-06,5.8772844e-07,1.8261491e-07,3.823131e-07,5.8677324e-06,3.4044806e-05,2.55357e-06,1.3446964e-06,6.147399e-05,9.612261e-08,1.8444007e-05,2.8759297e-05,5.7057347e-05,7.877909e-05,0.0017844898,0.00012619997,5.3844695e-07,6.675962e-05,2.0283894e-06,2.0608525e-06,1.57976e-07,6.2311193e-07,5.9674385e-06,1.7817146e-07,5.605374e-07,6.138898e-07,6.4365656e-07,6.89382e-07,3.0908436e-07,2.585116e-07,27,11,0.9977016,False,/content/traffic-sign-classification/data/gtsrb/GTSRB/Final_Test/Images/05895.ppm,Pedestrians,Right-of-way
4.4009835e-07,3.6166014e-06,3.9316396e-06,5.7699285e-06,3.307904e-06,2.6766488e-06,3.7545192e-07,5.148526e-07,2.3949935e-06,5.664712e-07,2.2580619e-07,0.9973448,2.850895e-06,3.9099787e-06,1.1538591e-06,3.7281941e-07,6.681114e-07,9.231203e-06,4.7376103e-05,3.712245e-06,1.6235595e-06,9.690114e-05,1.6913134e-07,2.21676e-05,3.8835584e-05,6.7344845e-05,0.00011119109,0.0019960206,0.00012066663,9.016558e-07,8.302666e-05,3.1810284e-06,3.479621e-06,3.1282588e-07,1.1025173e-06,9.785967e-06,2.4137603e-07,9.3287514e-07,9.802851e-07,1.1304144e-06,1.3184033e-06,5.5529483e-07,3.7105477e-07,27,11,0.9973448,False,/content/traffic-sign-classification/data/gtsrb/GTSRB/Final_Test/Images/07553.ppm,Pedestrians,Right-of-way
6.4668234e-07,4.860569e-06,5.6191784e-06,7.705208e-06,4.3257355e-06,3.6884594e-06,5.318282e-07,6.854249e-07,3.3769825e-06,8.1204627e-07,3.2695192e-07,0.9972,3.943648e-06,5.1789802e-06,1.6864659e-06,4.928947e-07,8.731282e-07,1.2494593e-05,5.6731184e-05,4.7971203e-06,2.0600169e-06,0.00012445555,2.4126368e-07,3.3158292e-05,4.156622e-05,8.636567e-05,0.0001557002,0.001949325,0.00014383635,1.3260723e-06,0.000111859634,3.986814e-06,4.2812103e-06,4.7240377e-07,1.6413333e-06,1.3257834e-05,3.5143185e-07,1.396517e-06,1.3527931e-06,1.5141478e-06,1.7913326e-06,7.6197364e-07,5.187401e-07,27,11,0.9972,False,/content/traffic-sign-classification/data/gtsrb/GTSRB/Final_Test/Images/09158.ppm,Pedestrians,Right-of-way
8.0932995e-07,6.1596684e-06,5.2315527e-06,1.0893889e-05,4.0432437e-06,8.838173e-06,9.212759e-07,1.2836181e-06,9.031541e-06,6.5843005e-07,1.2222557e-06,0.99709594,6.710519e-06,7.3221718e-06,2.07473e-06,2.29584e-06,9.804911e-07,2.214821e-05,4.7454752e-05,6.7090214e-06,1.2236949e-06,0.00024692787,2.6326768e-07,2.492131e-05,2.2983737e-05,1.8905166e-05,0.0003926384,4.043608e-05,2.2188802e-05,2.8016377e-06,0.0019450827,6.1609553e-06,1.6668284e-06,5.832176e-07,8.48124e-06,1.32374635e-05,6.3502745e-07,4.2278093e-06,1.8806863e-06,1.3841337e-06,1.5771916e-06,3.5867112e-07,7.86569e-07,30,11,0.99709594,False,/content/traffic-sign-classification/data/gtsrb/GTSRB/Final_Test/Images/09170.ppm,Ice/snow,Right-of-way
5.5507888e-05,0.0003094325,2.917068e-05,1.4564426e-05,0.99672,7.561732e-05,2.7056242e-06,4.4417662e-05,0.00027444182,6.5730837e-06,5.8566234e-06,3.079494e-06,1.6306378e-05,7.639756e-05,7.650888e-07,0.0017285404,6.243319e-05,9.4608043e-07,9.210186e-06,2.272418e-06,8.6451166e-08,2.747225e-06,1.4278147e-07,3.0324026e-07,2.5588695e-06,4.967772e-07,8.705674e-07,2.880193e-06,7.167026e-08,6.157813e-07,9.950963e-08,6.5510204e-07,0.00026561206,0.00019564005,3.458586e-06,5.271431e-06,4.4649036e-07,1.2372326e-06,7.4658914e-07,2.480081e-05,3.0614607e-05,2.1739606e-05,5.02427e-07,15,4,0.99672,False,/content/traffic-sign-classification/data/gtsrb/GTSRB/Final_Test/Images/03822.ppm,No vehicles,Speed 70
4.1109854e-07,3.3673623e-06,2.984032e-06,4.9400205e-06,3.0251615e-06,2.4375038e-06,3.5723707e-07,4.8859357e-07,2.3287919e-06,4.9057695e-07,2.1457222e-07,0.9966407,2.7993144e-06,4.234254e-06,1.0350058e-06,3.3875466e-07,6.528297e-07,9.201288e-06,5.1095532e-05,3.3244105e-06,1.7695289e-06,8.992398e-05,1.730343e-07,2.2098144e-05,4.462467e-05,9.188719e-05,0.00010844058,0.0026549662,0.00013665309,9.118811e-07,9.0228335e-05,3.2423413e-06,3.387219e-06,2.8728027e-07,1.0180543e-06,1.0483218e-05,2.531292e-07,9.12437e-07,1.0082329e-06,1.124129e-06,1.2350853e-06,5.1235816e-07,3.6337389e-07,27,11,0.9966407,False,/content/traffic-sign-classification/data/gtsrb/GTSRB/Final_Test/Images/06509.ppm,Pedestrians,Right-of-way
2.6734966e-07,2.2811944e-06,1.5863639e-06,4.1640037e-06,6.065953e-07,2.7058302e-06,3.699611e-07,5.1058527e-07,1.8280037e-06,2.095086e-07,5.313106e-07,0.9966191,4.4466287e-06,8.015122e-06,9.373366e-07,2.819706e-07,3.5669896e-07,1.2025424e-05,2.3165556e-05,1.8003719e-06,3.2024598e-06,6.8437206e-05,5.152788e-07,1.1616956e-05,1.8514726e-05,0.0020076626,3.1945307e-05,9.564404e-05,3.5120003e-05,2.4952271e-06,0.0010096125,9.72104e-06,1.2722127e-06,2.5258936e-07,1.2935072e-06,9.712627e-06,5.663556e-07,1.2843312e-06,3.0731387e-06,1.4848007e-06,6.5676966e-07,1.5253839e-07,5.1187925e-07,25,11,0.9966191,False,/content/traffic-sign-classification/data/gtsrb/GTSRB/Final_Test/Images/01317.ppm,Road work,Right-of-way
1.2172457e-07,1.1121332e-06,6.533114e-07,1.4599267e-06,2.5810363e-07,9.3742426e-07,1.4775844e-07,2.0444155e-07,8.1686665e-07,7.867752e-08,1.7332603e-07,0.9963787,2.4319413e-06,6.8014115e-06,5.6136804e-07,1.5549666e-07,1.4890385e-07,1.0393351e-05,1.7197179e-05,9.86389e-07,2.4919266e-06,4.2487547e-05,3.247781e-07,7.040485e-06,2.0898819e-05,0.0025541356,2.289709e-05,0.00015357338,3.0054203e-05,1.3753827e-06,0.0007217096,8.70127e-06,7.2913645e-07,6.460219e-08,5.672101e-07,5.5275473e-06,1.5988753e-07,8.264342e-07,1.5919852e-06,9.2746654e-07,3.742582e-07,7.961816e-08,1.723683e-07,25,11,0.9963787,False,/content/traffic-sign-classification/data/gtsrb/GTSRB/Final_Test/Images/06155.ppm,Road work,Right-of-way
4.4295538e-07,3.71533e-06,3.0115739e-06,5.1772586e-06,2.9719804e-06,2.579146e-06,4.001505e-07,5.2339493e-07,2.559973e-06,5.276277e-07,2.317347e-07,0.9961785,2.6176137e-06,4.050858e-06,1.0777966e-06,3.244977e-07,6.883979e-07,1.0034281e-05,5.7551162e-05,3.8409667e-06,2.1936783e-06,9.553577e-05,1.9299151e-07,2.5226711e-05,4.6595374e-05,0.00011080652,0.00011863115,0.0030120495,0.00019461455,9.594132e-07,8.839288e-05,3.4156467e-06,3.6825697e-06,2.857751e-07,1.0157341e-06,1.0032942e-05,2.92669e-07,9.1216174e-07,1.0811051e-06,1.130698e-06,1.2721148e-06,5.323023e-07,4.106137e-07,27,11,0.9961785,False,/content/traffic-sign-classification/data/gtsrb/GTSRB/Final_Test/Images/04585.ppm,Pedestrians,Right-of-way
1.18800855e-07,2.7800982e-06,5.948529e-07,1.4930049e-06,1.2397468e-06,3.90297e-06,8.7966737e-07,2.7642687e-07,3.4844716e-06,2.5546296e-07,5.0024283e-07,0.99598616,1.1302103e-06,3.5814744e-06,4.97437e-07,4.853289e-07,4.88053e-07,7.0634037e-06,6.812716e-05,2.7129768e-06,1.3382953e-06,9.493718e-05,1.12307525e-07,1.1306204e-05,9.165208e-06,9.082106e-06,0.0022684,6.13053e-05,2.6575248e-05,7.8352355e-07,0.0014188113,1.3059878e-06,1.0206568e-06,2.491509e-07,1.7259274e-06,2.6701698e-06,5.346832e-07,2.8436361e-06,5.0776293e-07,5.2574944e-07,3.9174142e-07,2.2944934e-07,3.4632967e-07,30,11,0.99598616,False,/content/traffic-sign-classification/data/gtsrb/GTSRB/Final_Test/Images/11435.ppm,Ice/snow,Right-of-way
1.612255e-06,1.38759715e-05,1.9622825e-05,1.3440898e-05,1.0178577e-05,7.3683773e-06,1.000358e-06,1.4219609e-06,6.9817165e-06,1.7536884e-06,7.5725023e-07,0.99569345,5.5340593e-06,8.655548e-06,3.2132882e-06,8.188202e-07,1.578534e-06,1.9166855e-05,8.770412e-05,1.0688155e-05,3.0474434e-06,0.00040970952,5.033854e-07,9.023186e-05,6.3770574e-05,0.00031209944,0.0001929129,0.002580794,0.000216988,3.4963641e-06,0.00016515482,9.447101e-06,6.1301625e-06,9.017474e-07,2.7269577e-06,1.7804074e-05,7.7227764e-07,2.9132532e-06,3.396033e-06,2.9414298e-06,3.1544512e-06,1.268615e-06,1.0244539e-06,27,11,0.99569345,False,/content/traffic-sign-classification/data/gtsrb/GTSRB/Final_Test/Images/07073.ppm,Pedestrians,Right-of-way
1.1313813e-08,2.6964133e-07,1.0690665e-07,1.2658387e-07,6.893127e-07,4.2256602e-07,1.2726561e-07,9.175427e-09,1.8845336e-07,3.8376274e-07,5.3523416e-07,3.7187672e-06,8.4442746e-07,1.9107561e-07,5.588923e-08,1.5269424e-07,6.0648446e-08,4.2363206e-07,0.0060925726,1.1579203e-07,1.6848927e-07,4.184002e-06,2.1057133e-06,1.356958e-07,1.982859e-07,3.679323e-07,0.9938883,1.3253971e-06,3.717455e-08,1.22084e-07,5.8378043e-07,7.6694896e-08,1.7027357e-07,1.2841179e-08,1.01175296e-07,9.466654e-08,8.137824e-08,5.786897e-07,1.6463378e-07,4.3915428e-08,3.9067585e-09,8.0661366e-08,1.1268888e-08,18,26,0.9938883,False,/content/traffic-sign-classification/data/gtsrb/GTSRB/Final_Test/Images/05268.ppm,Gen caution,Traffic sigs
1.639569e-06,2.1870472e-05,6.3527896e-06,4.5520437e-06,2.9239141e-05,4.709919e-05,1.7310074e-05,1.5318445e-06,1.970627e-05,6.334743e-06,5.941394e-05,0.00048195405,6.538048e-06,2.499472e-06,4.8906954e-06,3.6967253e-06,2.6160387e-06,1.3880401e-05,0.0016533314,2.285793e-05,3.7241382e-06,0.0041434933,7.993971e-06,1.1072827e-05,1.43747175e-05,2.2868528e-05,0.9931117,3.0350997e-05,4.3876885e-06,4.797455e-06,0.0001920248,1.0074399e-05,2.6023183e-06,5.3144703e-07,5.3067597e-06,1.3965453e-06,2.5472677e-06,1.6495727e-05,2.476046e-06,1.7454785e-06,4.7686837e-07,1.4307586e-06,8.9727513e-07,30,26,0.9931117,False,/content/traffic-sign-classification/data/gtsrb/GTSRB/Final_Test/Images/03567.ppm,Ice/snow,Traffic sigs
1.0745867e-06,8.155149e-06,6.605715e-06,9.519653e-06,6.155483e-06,5.431714e-06,8.5785126e-07,1.0900424e-06,4.960274e-06,1.3508436e-06,6.020239e-07,0.9908324,5.3634426e-06,8.495418e-06,2.303251e-06,5.9080037e-07,1.6571447e-06,1.9553934e-05,0.00010712859,7.4926334e-06,4.8897145e-06,0.0002308421,6.329459e-07,6.366315e-05,8.452131e-05,0.0005452177,0.00023777013,0.0072648046,0.00032737764,2.7926485e-06,0.00015850889,9.163529e-06,7.501077e-06,6.708393e-07,1.814667e-06,1.6347727e-05,6.352288e-07,2.1903952e-06,2.428177e-06,2.6702535e-06,2.5791348e-06,1.388995e-06,9.1603096e-07,27,11,0.9908324,False,/content/traffic-sign-classification/data/gtsrb/GTSRB/Final_Test/Images/10367.ppm,Pedestrians,Right-of-way
3.6324418e-05,6.986074e-05,9.149235e-05,6.72813e-05,0.001130061,6.579736e-05,0.00092794374,5.895166e-06,3.125701e-05,0.00035706002,4.0852014e-05,3.7080117e-05,0.0001169113,0.0003509291,4.51333e-06,3.1743934e-05,0.00016512438,1.546741e-05,7.1173868e-06,9.135006e-05,0.00011962762,6.233702e-06,1.5216331e-05,0.00017347054,4.1897656e-06,6.207848e-06,6.0676444e-05,6.0111834e-05,1.9938916e-06,2.036565e-06,2.632858e-06,1.6581847e-05,0.0018837261,0.00014150923,0.0025343131,2.2895065e-05,1.4438236e-05,4.7063273e-05,2.4125688e-05,0.00013977193,0.00011621176,0.9897628,0.0011999648,42,41,0.9897628,False,/content/traffic-sign-classification/data/gtsrb/GTSRB/Final_Test/Images/08821.ppm,End no pass >3.5t,End no pass
1.8038812e-06,3.092261e-05,3.6846227e-06,3.6493238e-06,2.8136283e-06,0.0005093946,9.6977186e-05,8.864664e-06,0.00018317536,1.2617957e-06,0.00012495882,0.00029660642,4.038445e-05,7.1411225e-05,3.2772466e-06,6.596253e-06,4.390942e-05,3.1333155e-05,2.256096e-05,4.892352e-05,0.003187324,1.131641e-05,2.4118935e-05,0.0013013468,3.8903516e-05,3.4323883e-05,0.0025083753,2.7787014e-06,2.8586846e-05,0.00011621536,0.9895839,3.4689427e-05,1.6453309e-06,1.7482132e-06,0.00040677673,3.1579675e-06,2.7052452e-05,0.0010917688,3.6798892e-06,8.250319e-06,1.0070187e-05,2.2785904e-05,1.862427e-05,23,30,0.9895839,False,/content/traffic-sign-classification/data/gtsrb/GTSRB/Final_Test/Images/03373.ppm,Slippery road,Ice/snow
1.4929187e-05,0.0002179302,8.034269e-06,0.0001458653,8.889263e-05,4.7644684e-05,0.00070104114,2.5678513e-05,0.00021687096,3.7528676e-05,3.6516998e-05,7.4860094e-05,0.000414416,0.004500909,1.2959475e-05,0.0006527963,0.00019835185,0.00037016138,0.00014656392,4.623052e-06,8.891309e-06,6.6352695e-06,3.622066e-05,4.382167e-06,0.0001167753,3.6813723e-05,0.0002998999,8.300707e-05,3.290458e-05,1.1277398e-05,1.0018309e-05,2.8809738e-05,0.98863786,0.000114369315,4.7989386e-05,0.00012033091,3.1185994e-06,1.987689e-05,0.000107251864,0.00076222146,3.6092213e-05,0.001507456,5.114015e-05,6,32,0.98863786,False,/content/traffic-sign-classification/data/gtsrb/GTSRB/Final_Test/Images/05521.ppm,End Spd 80,End limits
5.118293e-06,3.81271e-05,3.1795556e-05,3.2057713e-05,3.1495096e-05,0.00018928891,0.00013857908,6.557056e-06,8.290535e-05,0.00012507763,0.0005010035,0.00073330884,5.1496158e-05,4.49337e-05,1.6256967e-05,1.6702466e-05,4.136708e-05,7.813703e-05,0.0028141837,0.00056367955,0.0007026856,0.0005742673,0.00029179317,0.0017847952,7.718607e-05,8.090774e-05,0.9883478,0.00010726581,6.243735e-05,7.060392e-05,0.0014910424,5.28507e-05,2.66408e-05,9.612444e-06,0.00016961036,1.7938059e-05,6.863421e-05,0.00040825468,2.0307727e-05,1.6641254e-05,6.8967624e-06,5.3661228e-05,1.608655e-05,23,26,0.9883478,False,/content/traffic-sign-classification/data/gtsrb/GTSRB/Final_Test/Images/11999.ppm,Slippery road,Traffic sigs
1.4790899e-06,1.14555305e-05,1.1179337e-05,1.0668324e-05,1.0067196e-05,6.767542e-06,1.0879437e-06,1.2862265e-06,6.0193483e-06,1.7735966e-06,7.2842215e-07,0.9879116,5.6307936e-06,9.593158e-06,2.8253041e-06,6.998109e-07,1.8331243e-06,2.0781781e-05,0.00012541888,1.0277028e-05,6.347394e-06,0.00030839353,6.259654e-07,7.9804544e-05,9.455123e-05,0.000451424,0.0002899275,0.010068094,0.00035559555,2.4751039e-06,0.00013474037,1.0222728e-05,8.467636e-06,8.7959467e-07,2.2538227e-06,1.8478711e-05,8.763184e-07,2.6925277e-06,2.9797907e-06,3.442613e-06,3.6313766e-06,1.8363369e-06,1.042568e-06,27,11,0.9879116,False,/content/traffic-sign-classification/data/gtsrb/GTSRB/Final_Test/Images/05693.ppm,Pedestrians,Right-of-way
1.3268452e-06,1.1779498e-05,1.3723041e-05,1.2644393e-05,1.2562731e-05,8.5071e-06,1.2110027e-06,1.4087468e-06,7.251348e-06,1.9409972e-06,8.641269e-07,0.98694885,5.58293e-06,1.1661653e-05,2.9241096e-06,8.378777e-07,1.9668048e-06,1.966847e-05,0.00017522009,1.2395253e-05,7.110281e-06,0.00030516146,6.329224e-07,8.780331e-05,0.00011318833,0.00028972456,0.00045871758,0.011002668,0.00028196856,2.2073389e-06,0.00013679158,1.001615e-05,8.27451e-06,9.671681e-07,2.6744842e-06,2.2725877e-05,1.0563682e-06,3.0504157e-06,3.0841602e-06,3.5976254e-06,3.5999901e-06,1.722576e-06,9.339938e-07,27,11,0.98694885,False,/content/traffic-sign-classification/data/gtsrb/GTSRB/Final_Test/Images/02748.ppm,Pedestrians,Right-of-way
1.4604619e-06,5.820566e-06,4.1357463e-05,2.3723065e-05,5.817147e-06,6.0838684e-05,2.9121598e-05,7.0979604e-06,3.5260262e-05,1.32217665e-05,8.814684e-05,1.2685453e-05,1.1942193e-05,3.0569507e-05,1.996866e-06,6.18533e-07,3.877007e-06,9.8649425e-06,2.9765579e-05,3.2508858e-06,0.00028037137,1.3524441e-06,6.2434774e-06,0.00032294844,2.6728947e-06,2.1694523e-05,0.00020227005,4.4231824e-06,1.9711601e-06,1.1205975e-06,2.3633054e-05,5.35727e-06,1.324013e-06,0.00024221283,0.0040388405,0.0018860595,0.98544353,0.004397712,0.0022005565,0.00015002348,0.00029037942,5.417474e-06,5.3467993e-05,40,36,0.98544353,False,/content/traffic-sign-classification/data/gtsrb/GTSRB/Final_Test/Images/01969.ppm,Roundabout,Straight/right
1.5081439e-06,1.3343862e-05,1.4155432e-05,1.3361535e-05,1.4657502e-05,8.89159e-06,1.3254414e-06,1.598696e-06,8.278789e-06,2.2899542e-06,1.028974e-06,0.9845638,5.8631326e-06,1.2285076e-05,3.5131236e-06,9.975184e-07,2.2824474e-06,2.4102475e-05,0.00023537327,1.5300666e-05,6.927941e-06,0.00041602648,7.059124e-07,9.806496e-05,0.00013533182,0.00026393685,0.0006700887,0.012891423,0.00035428564,2.4498695e-06,0.0001475262,1.0923636e-05,9.2119235e-06,1.0322715e-06,3.08063e-06,2.6531692e-05,1.0767134e-06,3.5569528e-06,3.3536821e-06,3.8358735e-06,3.791419e-06,1.8159136e-06,9.886613e-07,27,11,0.9845638,False,/content/traffic-sign-classification/data/gtsrb/GTSRB/Final_Test/Images/10878.ppm,Pedestrians,Right-of-way
3.8027679e-06,2.277148e-05,2.268253e-05,1.9683464e-05,2.31103e-05,1.3142686e-05,1.9661486e-06,2.5276177e-06,1.2512562e-05,3.4846178e-06,1.4875204e-06,0.98439205,9.938906e-06,1.6893304e-05,5.4961392e-06,1.2790873e-06,3.7203993e-06,3.791529e-05,0.00019088377,1.6031183e-05,6.8170743e-06,0.00063383824,1.1244906e-06,0.000117976175,0.0001296099,0.0008772719,0.00041746997,0.012375323,0.00033720408,4.4932895e-06,0.00019785688,1.8582954e-05,1.3781983e-05,1.8622364e-06,3.990721e-06,3.130207e-05,1.4585864e-06,4.860953e-06,5.637014e-06,6.4511933e-06,6.198723e-06,3.6156937e-06,1.9857234e-06,27,11,0.98439205,False,/content/traffic-sign-classification/data/gtsrb/GTSRB/Final_Test/Images/05057.ppm,Pedestrians,Right-of-way
2.4498916e-06,1.7149525e-05,1.7518098e-05,1.4299886e-05,1.5653392e-05,8.990522e-06,1.4567576e-06,1.8542729e-06,8.339968e-06,2.5525474e-06,1.0215161e-06,0.98286897,7.610135e-06,1.2327579e-05,4.0702084e-06,9.421262e-07,2.6244325e-06,2.8625354e-05,0.00015885278,1.4603358e-05,6.8274153e-06,0.0005395242,8.9022114e-07,0.00011325025,0.00013119254,0.00069583935,0.00036320192,0.0142521495,0.00047322598,3.6559647e-06,0.00015402488,1.4985381e-05,1.1272188e-05,1.195821e-06,2.8672443e-06,2.3705174e-05,1.0426934e-06,3.5993462e-06,3.97381e-06,4.6544187e-06,4.778866e-06,2.6538344e-06,1.4631008e-06,27,11,0.98286897,False,/content/traffic-sign-classification/data/gtsrb/GTSRB/Final_Test/Images/05667.ppm,Pedestrians,Right-of-way
4.7339904e-06,3.0315505e-05,4.164198e-05,2.656444e-05,3.1485488e-05,1.6442862e-05,2.2839051e-06,3.3007195e-06,1.4237468e-05,4.720687e-06,1.9125648e-06,0.98064536,1.4388379e-05,2.1104901e-05,7.1786567e-06,1.7711407e-06,4.4624503e-06,4.2961918e-05,0.00022258854,2.0811909e-05,8.836536e-06,0.0008130447,1.530307e-06,0.00015483047,0.0001835663,0.001142328,0.00044364075,0.015356383,0.0003888271,6.2156614e-06,0.00021288317,2.508232e-05,1.6906526e-05,2.4300614e-06,4.986652e-06,4.074354e-05,1.8135883e-06,6.406794e-06,7.618493e-06,8.486109e-06,8.73577e-06,4.2901747e-06,2.2094987e-06,27,11,0.98064536,False,/content/traffic-sign-classification/data/gtsrb/GTSRB/Final_Test/Images/05233.ppm,Pedestrians,Right-of-way
1.7338261e-06,1.1555265e-05,9.921215e-06,1.1519374e-05,1.1793617e-05,7.2481807e-06,1.2712021e-06,1.4765145e-06,6.7747005e-06,2.0212128e-06,7.83954e-07,0.9783311,6.572461e-06,1.1456728e-05,2.9074145e-06,7.482083e-07,2.2292938e-06,2.3251343e-05,0.00014639767,1.0972446e-05,9.02592e-06,0.0002536683,7.1103307e-07,8.181514e-05,0.00013236186,0.00046605355,0.0003159028,0.01946539,0.0004802718,2.1588169e-06,0.00012270646,1.1212603e-05,1.1306463e-05,1.0010119e-06,2.4182054e-06,2.288986e-05,1.0298869e-06,2.7771728e-06,3.0928786e-06,4.2844117e-06,4.556155e-06,2.5831005e-06,1.2147932e-06,27,11,0.9783311,False,/content/traffic-sign-classification/data/gtsrb/GTSRB/Final_Test/Images/02157.ppm,Pedestrians,Right-of-way
2.0336645e-06,1.2513871e-05,9.914631e-06,1.3264865e-05,1.3817369e-05,8.648445e-06,1.3478143e-06,1.8120486e-06,8.2869e-06,2.3757518e-06,1.0066254e-06,0.97765017,7.806985e-06,1.2882545e-05,3.728945e-06,9.3809746e-07,3.0387403e-06,3.071818e-05,0.00018476754,1.19192255e-05,6.926454e-06,0.00039984248,8.925066e-07,8.032426e-05,0.00015384864,0.0006441599,0.00041928815,0.019638546,0.0004304258,3.077684e-06,0.00016440352,1.46224e-05,1.2352615e-05,1.1726441e-06,2.5906047e-06,2.6124513e-05,9.3423967e-07,3.1794893e-06,3.34046e-06,4.6180367e-06,4.3728155e-06,2.6974046e-06,1.3428107e-06,27,11,0.97765017,False,/content/traffic-sign-classification/data/gtsrb/GTSRB/Final_Test/Images/01431.ppm,Pedestrians,Right-of-way
0.0003795438,0.004462614,0.0003270916,0.0002716319,8.1815066e-05,0.00012209712,5.3098538e-05,0.00026386484,0.00012021471,4.8932998e-05,1.64437e-05,0.0017668969,1.2273554e-05,0.00011553189,0.00035011698,2.9829156e-05,9.954575e-06,0.00012160579,0.0012467839,0.0013328656,0.00011553805,0.0011784068,9.598211e-05,0.00053674646,0.011637541,0.0001784398,0.00023106278,0.00059938384,0.9721147,0.0013023494,0.00030130634,9.3156894e-05,0.00018203072,3.9606534e-06,4.4680077e-05,8.407641e-05,6.1135192e-06,2.0861557e-05,2.8553253e-05,1.0478611e-05,8.217155e-05,7.707058e-06,1.1644917e-05,24,28,0.9721147,False,/content/traffic-sign-classification/data/gtsrb/GTSRB/Final_Test/Images/09095.ppm,Road narrows,Children
0.00018860395,0.0022510253,0.0031555158,0.0001834306,0.002706102,0.00011217518,2.1543654e-05,0.00010529657,0.00015979736,0.00040861583,6.610419e-05,0.00019511454,0.0060448973,0.006812346,0.00017887683,0.9671001,0.0001096949,0.00038294223,0.00018619433,3.0185409e-05,4.581265e-06,2.4087352e-05,3.1707674e-05,1.1945615e-05,0.0002961288,1.687752e-05,0.00033862362,2.4277893e-05,5.899505e-06,0.00011893049,1.828142e-05,2.8704948e-05,0.005340551,0.0014776175,0.00020790206,0.0011198493,8.862628e-06,8.766458e-05,3.3616114e-05,7.801683e-05,6.736878e-05,0.00023619515,2.3841101e-05,12,15,0.9671001,False,/content/traffic-sign-classification/data/gtsrb/GTSRB/Final_Test/Images/02258.ppm,Priority road,No vehicles
5.069169e-06,3.0392921e-05,3.2494096e-05,2.431139e-05,3.640947e-05,1.6948761e-05,2.5117718e-06,3.322813e-06,1.4911824e-05,5.052884e-06,1.9786662e-06,0.9662628,1.37256175e-05,2.2704362e-05,7.283151e-06,1.7360082e-06,5.320195e-06,4.8008875e-05,0.00028969656,2.080622e-05,1.053674e-05,0.00082829484,1.6497411e-06,0.00013924923,0.00020972296,0.001234191,0.00062706124,0.029298749,0.00047597807,5.3633544e-06,0.00019022205,2.5616091e-05,2.0329962e-05,2.4403316e-06,4.5220904e-06,3.9751598e-05,1.8428323e-06,6.054828e-06,7.0025817e-06,9.044461e-06,8.973623e-06,5.4450043e-06,2.356106e-06,27,11,0.9662628,False,/content/traffic-sign-classification/data/gtsrb/GTSRB/Final_Test/Images/11366.ppm,Pedestrians,Right-of-way
3.012834e-06,2.037232e-05,2.2167618e-05,1.8340499e-05,2.4035337e-05,1.3011539e-05,1.8881796e-06,2.5048523e-06,1.1605451e-05,3.4223135e-06,1.4832524e-06,0.96414334,1.0658579e-05,2.0180265e-05,4.9681857e-06,1.2664398e-06,3.835307e-06,3.4346387e-05,0.00025110997,1.6776761e-05,1.1883113e-05,0.00049007055,1.3525016e-06,0.00012760525,0.0002123705,0.001092243,0.0005082265,0.03224493,0.00041742346,3.905659e-06,0.00016624446,2.1511341e-05,1.5672911e-05,1.8797084e-06,3.698343e-06,3.9839237e-05,1.7729654e-06,5.0384165e-06,5.8205524e-06,7.5109638e-06,7.166896e-06,3.7861985e-06,1.7078025e-06,27,11,0.96414334,False,/content/traffic-sign-classification/data/gtsrb/GTSRB/Final_Test/Images/08422.ppm,Pedestrians,Right-of-way
6.2864007e-07,3.8988543e-05,8.461085e-05,0.037641224,7.1812983e-06,0.9621199,1.4109475e-05,2.3842838e-05,2.3453005e-05,1.970686e-06,1.990964e-05,6.8693197e-07,3.57924e-07,2.9314172e-06,1.05999284e-07,4.3874266e-07,8.157274e-06,1.4756729e-08,1.4034343e-06,7.085656e-08,6.3099515e-07,5.72037e-08,1.8201784e-07,3.5209258e-08,1.9600567e-08,1.3800701e-07,1.9963676e-07,4.1375852e-08,2.1329289e-07,1.2604544e-07,4.0204657e-07,3.834422e-08,2.6368818e-07,3.4668827e-07,4.3251994e-06,6.14961e-08,1.0954192e-07,1.1199706e-07,3.063642e-07,9.486227e-07,5.425018e-07,2.8751225e-07,6.873632e-07,3,5,0.9621199,False,/content/traffic-sign-classification/data/gtsrb/GTSRB/Final_Test/Images/12479.ppm,Speed 60,Speed 80
1.9126768e-05,0.004080362,0.0002235017,0.0049073123,8.003411e-05,0.96131295,0.00024364615,0.00028685242,0.027373012,9.546959e-06,0.00089991034,9.612262e-06,2.813125e-06,7.834014e-05,7.2394455e-06,1.2392349e-05,0.00012446674,1.2230482e-06,3.790211e-05,3.2051767e-06,1.7596258e-05,3.0093888e-06,1.4775222e-06,1.5610834e-06,1.3061253e-06,3.600139e-06,2.5293873e-05,9.003807e-07,6.0181605e-06,7.4208274e-06,4.2270123e-05,2.1648584e-06,2.8796194e-06,7.8343044e-07,9.313535e-05,2.5262882e-06,2.5216689e-06,6.3784328e-06,1.8498245e-05,2.272868e-05,1.5833875e-05,2.6777468e-06,5.9843933e-06,8,5,0.96131295,False,/content/traffic-sign-classification/data/gtsrb/GTSRB/Final_Test/Images/11361.ppm,Speed 120,Speed 80
0.00016506657,0.000109910645,5.180367e-05,7.788601e-05,0.00012623017,0.00036793115,7.862143e-06,0.043027043,0.95472825,3.2845488e-05,0.00012611598,1.7634213e-06,5.9324043e-06,1.1985901e-05,0.0001674846,1.5938333e-05,5.4170825e-05,1.4737413e-05,5.110786e-06,8.0496585e-07,3.7319846e-06,3.711671e-06,1.1814653e-06,1.6094459e-06,2.721643e-06,2.303436e-06,2.8982852e-06,1.6541135e-06,4.1881112e-06,4.44481e-06,1.2417149e-06,4.5355704e-05,1.6619302e-05,5.775698e-06,6.0945317e-06,3.4561226e-06,2.074189e-06,1.8489433e-06,6.0566526e-05,7.02231e-05,0.00064901233,5.8196038e-06,4.6704645e-06,7,8,0.95472825,False,/content/traffic-sign-classification/data/gtsrb/GTSRB/Final_Test/Images/08445.ppm,Speed 100,Speed 120
2.0537811e-06,1.2530774e-05,8.162046e-06,1.0635309e-05,1.5153668e-05,8.012104e-06,1.4372147e-06,1.6701136e-06,7.5713906e-06,2.3147638e-06,9.673032e-07,0.9546737,7.0120414e-06,1.4108185e-05,3.331798e-06,7.939264e-07,2.92766e-06,2.9886147e-05,0.00022182372,1.1646809e-05,1.1125838e-05,0.0003313772,8.770625e-07,7.38491e-05,0.00017721037,0.00072613923,0.000490212,0.042381145,0.0005666836,2.0914104e-06,0.00012546315,1.4341717e-05,1.41492665e-05,1.1069518e-06,2.2244124e-06,2.4517296e-05,1.1394847e-06,2.9097341e-06,3.257182e-06,4.9851537e-06,4.8770535e-06,3.2825715e-06,1.4027842e-06,27,11,0.9546737,False,/content/traffic-sign-classification/data/gtsrb/GTSRB/Final_Test/Images/07225.ppm,Pedestrians,Right-of-way
3.095789e-06,7.326e-05,0.00055298174,0.051440623,4.0869854e-05,0.9474403,7.643844e-05,0.00010777594,6.435865e-05,1.2734855e-05,5.782932e-05,4.868433e-06,2.6130863e-06,1.7495622e-05,7.9489905e-07,1.9274748e-06,2.783618e-05,1.2338796e-07,6.5325253e-06,5.676555e-07,7.955085e-06,4.792774e-07,1.3949358e-06,4.6186742e-07,1.9328708e-07,1.2705977e-06,1.6069367e-06,4.3024386e-07,1.5713117e-06,5.7675044e-07,2.0440364e-06,3.5381782e-07,1.7852938e-06,3.933661e-06,1.9951323e-05,5.741798e-07,1.9471438e-06,8.504381e-07,2.3844439e-06,5.640397e-06,4.7578146e-06,2.3792786e-06,4.361767e-06,3,5,0.9474403,False,/content/traffic-sign-classification/data/gtsrb/GTSRB/Final_Test/Images/06613.ppm,Speed 60,Speed 80
1.5130456e-05,0.000118586984,0.0033913201,0.9452804,4.2742926e-05,0.050067313,1.5840862e-05,3.9361727e-05,0.00020572543,7.1663446e-05,0.00010483175,1.5245867e-05,7.3972174e-06,6.2407395e-05,3.7436434e-06,2.4060377e-05,2.6906464e-05,1.3877544e-06,3.583502e-05,2.8304598e-06,3.9111674e-06,1.0994416e-06,8.772073e-06,1.589074e-06,8.058567e-07,2.320824e-06,4.134532e-06,8.1231957e-07,2.8601617e-06,6.751578e-06,1.5384409e-06,1.9094894e-06,8.323327e-06,5.2696405e-06,0.00033673373,1.8718933e-05,2.6521814e-06,2.3082225e-06,1.0073185e-05,8.530725e-06,3.2519616e-05,2.4932763e-06,3.1877873e-06,5,3,0.9452804,False,/content/traffic-sign-classification/data/gtsrb/GTSRB/Final_Test/Images/07288.ppm,Speed 80,Speed 60
4.835979e-06,0.000101939004,0.00039169338,0.056648318,3.7944374e-05,0.9422291,0.00010671274,0.00013753009,8.497462e-05,1.1151688e-05,8.717169e-05,4.8533693e-06,2.9198677e-06,2.2691049e-05,1.0891578e-06,2.623225e-06,2.9988396e-05,2.037062e-07,7.652801e-06,6.786064e-07,6.5315203e-06,6.0879387e-07,1.5415263e-06,4.7846885e-07,2.3020108e-07,1.3484082e-06,1.6359647e-06,3.9118245e-07,2.3600685e-06,8.1687654e-07,2.7940573e-06,4.807576e-07,2.3407465e-06,4.9247187e-06,2.8419236e-05,8.139448e-07,2.5401657e-06,1.0134471e-06,3.569403e-06,7.775407e-06,5.4357747e-06,2.2676177e-06,7.679171e-06,3,5,0.9422291,False,/content/traffic-sign-classification/data/gtsrb/GTSRB/Final_Test/Images/08051.ppm,Speed 60,Speed 80
1.0544387e-06,1.7352912e-05,3.0997944e-06,2.2024733e-06,1.238597e-06,0.00037755485,0.000109762725,5.7690845e-06,6.842839e-05,5.746492e-07,6.918972e-05,0.00020500217,2.1254766e-05,0.00014138574,1.3798086e-06,2.346659e-06,1.603525e-05,9.665298e-06,1.1535282e-05,3.5104997e-05,0.05680991,3.254284e-06,4.197093e-05,0.001252533,4.328568e-05,7.358228e-05,0.001027003,2.625095e-06,3.909454e-05,6.110713e-05,0.9387152,2.9961564e-05,9.264745e-07,1.0123905e-06,0.00021561835,1.638432e-06,4.1768366e-05,0.00049053034,2.687227e-06,5.4385555e-06,1.0752813e-05,1.8722432e-05,1.1481274e-05,23,30,0.9387152,False,/content/traffic-sign-classification/data/gtsrb/GTSRB/Final_Test/Images/09688.ppm,Slippery road,Ice/snow
1.0867737e-05,5.3340813e-05,6.556072e-05,4.3118303e-05,7.16412e-05,3.1532276e-05,4.5619786e-06,6.2792637e-06,2.6647003e-05,1.0106204e-05,4.0375635e-06,0.93836385,2.6728932e-05,4.3664444e-05,1.3148458e-05,3.0044337e-06,1.02815775e-05,8.0445956e-05,0.00043640196,3.151487e-05,1.9978308e-05,0.0012326535,3.584777e-06,0.00023211374,0.00033698467,0.003337816,0.00081359746,0.053565677,0.00059086806,9.370147e-06,0.00026062602,5.175667e-05,3.7082777e-05,5.3377576e-06,8.038672e-06,7.2872586e-05,3.86852e-06,1.1430498e-05,1.4892647e-05,1.9620724e-05,1.9183859e-05,1.1587251e-05,4.3446184e-06,27,11,0.93836385,False,/content/traffic-sign-classification/data/gtsrb/GTSRB/Final_Test/Images/04562.ppm,Pedestrians,Right-of-way
6.153262e-05,0.009661229,0.00052604993,0.006629237,0.0008251056,0.9328938,0.00018737125,0.00051200134,0.04661574,1.3168329e-05,0.001156927,1.861369e-05,1.78026e-05,0.00017580944,1.2442842e-05,6.551388e-05,0.00011304626,1.2448579e-06,8.9813955e-05,6.235638e-06,2.0298023e-05,5.9250924e-06,3.0058454e-06,2.2610448e-06,3.1215036e-06,1.2624091e-05,6.287101e-05,1.4644293e-06,4.490359e-06,2.5150504e-05,6.30015e-05,2.8924912e-06,6.246923e-06,3.1216823e-06,0.00010108808,6.2039567e-06,5.596236e-06,1.4487469e-05,1.4330011e-05,2.6744296e-05,1.9883584e-05,4.6844084e-06,7.868111e-06,8,5,0.9328938,False,/content/traffic-sign-classification/data/gtsrb/GTSRB/Final_Test/Images/03086.ppm,Speed 120,Speed 80
5.2157833e-05,0.00082955486,0.0036639604,0.056864385,0.00034906447,0.9296517,0.0061866874,0.00026175717,0.00071421516,3.0437233e-05,0.000266713,3.1497326e-05,1.383502e-05,0.00024100914,6.0314974e-06,1.1515997e-05,3.7470156e-05,2.1626015e-06,5.5099837e-05,1.4249113e-05,8.132418e-05,9.140572e-06,1.4153914e-05,5.7594953e-06,3.6003385e-06,1.9747193e-05,2.6690244e-05,4.2456354e-06,1.7330874e-05,4.5209213e-06,1.6404054e-05,8.8126535e-06,1.7861825e-05,5.7032303e-06,0.00024159689,5.7983875e-06,1.1299625e-05,8.821474e-06,5.763954e-05,6.119895e-05,4.8297163e-05,1.9412622e-05,2.721059e-05,3,5,0.9296517,False,/content/traffic-sign-classification/data/gtsrb/GTSRB/Final_Test/Images/12474.ppm,Speed 60,Speed 80
0.00097084465,0.9256999,0.043953102,0.0014797486,0.008049122,0.011631009,1.901213e-05,0.0018965626,0.0004900876,0.0005825837,0.00020359035,0.00019796306,0.00028825962,0.00037332287,0.0003368111,0.0008008082,0.0002480275,3.447909e-05,0.00010008647,4.2290256e-05,6.9778553e-06,7.5100405e-05,2.5666071e-05,3.12422e-05,3.8522205e-05,0.00013833672,1.8600696e-05,1.4504069e-05,3.842373e-05,0.0006157575,4.9929662e-05,1.0790037e-05,3.9980543e-05,5.957226e-05,5.764896e-05,3.1968546e-05,1.4124681e-05,0.00013877779,0.000138786,5.286181e-05,0.0009862437,1.3436155e-05,5.220419e-06,4,1,0.9256999,False,/content/traffic-sign-classification/data/gtsrb/GTSRB/Final_Test/Images/00492.ppm,Speed 70,Speed 30
0.00023961351,0.0043252558,0.004522143,0.0006175839,0.025809746,0.0011058588,0.00046385036,7.0844275e-05,0.00024048456,0.0008521996,9.100376e-05,0.0004463214,0.012049616,0.9237898,0.00027703372,0.0008368638,0.00010664083,0.00013922215,0.00043890052,6.102256e-05,7.899633e-05,9.6633565e-05,0.00016355579,0.00017270337,0.00012127582,0.00014214595,0.011983745,0.00013895381,9.848589e-06,0.00014020386,4.4262706e-05,3.7252394e-05,0.0022180872,9.629253e-05,0.00025668117,0.00010559048,1.5420035e-05,4.8950962e-05,0.0001847811,0.00018027151,7.405691e-05,0.0071009556,0.00010541652,12,13,0.9237898,False,/content/traffic-sign-classification/data/gtsrb/GTSRB/Final_Test/Images/05529.ppm,Priority road,Yield
3.9823235e-06,2.0590622e-05,1.7540651e-05,1.7922006e-05,3.2488293e-05,1.4662613e-05,2.1902752e-06,2.926725e-06,1.3472556e-05,4.0754558e-06,1.7427442e-06,0.9119514,1.2068488e-05,2.2765822e-05,5.40516e-06,1.2998638e-06,5.389924e-06,4.2632546e-05,0.00033166894,1.5519125e-05,1.6425685e-05,0.0004703934,1.5606834e-06,9.7879994e-05,0.00027683424,0.0014539119,0.0006010135,0.083739094,0.0005424914,3.0195977e-06,0.00014059278,2.4742843e-05,2.2209757e-05,2.2598665e-06,3.5453013e-06,4.4450382e-05,2.0756045e-06,4.81233e-06,5.959858e-06,9.709463e-06,9.331375e-06,5.914279e-06,2.0933383e-06,27,11,0.9119514,False,/content/traffic-sign-classification/data/gtsrb/GTSRB/Final_Test/Images/03250.ppm,Pedestrians,Right-of-way
5.586347e-06,3.3419452e-05,1.7710185e-05,5.344128e-05,3.0258027e-05,0.000112544825,2.218368e-05,9.754438e-06,8.727515e-05,9.815299e-06,1.7788032e-05,0.9055996,8.667528e-05,0.000119065946,1.581812e-05,1.2082067e-05,9.599795e-06,0.00013748404,0.0015613982,3.2747164e-05,4.062145e-05,0.00056831114,8.369003e-06,0.0001750954,0.00019975517,0.0002613142,0.07904495,0.0009897533,0.00027312385,3.3398363e-05,0.010136263,2.745708e-05,2.6774806e-05,7.0456863e-06,4.2561252e-05,8.997371e-05,1.2674799e-05,3.7523365e-05,1.6863245e-05,1.1046662e-05,7.5709154e-06,7.4166323e-06,7.856262e-06,30,11,0.9055996,False,/content/traffic-sign-classification/data/gtsrb/GTSRB/Final_Test/Images/08818.ppm,Ice/snow,Right-of-way
2.6049668e-06,1.825318e-05,5.3532376e-06,1.3836491e-05,9.711235e-06,5.429727e-05,2.1138248e-05,4.7805133e-06,4.342448e-05,3.3269644e-06,1.2779856e-05,0.9029998,5.378925e-05,7.320627e-05,7.002402e-06,6.2224967e-06,6.022728e-06,0.00010655289,0.000522925,1.7651226e-05,4.2267566e-05,0.00041669988,5.9229733e-06,0.00012481876,0.000119994686,0.00028497202,0.04551285,0.00028694424,0.00014906531,2.7657034e-05,0.048863962,2.9106282e-05,1.2154161e-05,3.2464816e-06,2.632153e-05,2.5404339e-05,7.057834e-06,4.7402613e-05,8.7655335e-06,7.5810476e-06,4.3217924e-06,4.3300515e-06,6.344359e-06,30,11,0.9029998,False,/content/traffic-sign-classification/data/gtsrb/GTSRB/Final_Test/Images/08510.ppm,Ice/snow,Right-of-way
6.553207e-05,0.0007226672,0.000780424,0.00068978657,0.00094269385,0.014993274,0.0040990347,0.00017174355,0.001420152,0.00021382698,0.0017765976,0.01703405,0.00033019367,0.0009305945,8.857006e-05,9.911603e-05,0.00019824765,0.00018178769,0.008966602,0.0011235679,0.010517975,0.0027555965,0.0002029778,0.0022558756,0.00061152043,0.0008887666,0.9024119,0.0017322515,0.0005998983,0.00011765886,0.015628813,0.00019532978,0.0001134067,0.0001398608,0.0016577061,0.00019837852,0.002637528,0.0014078862,0.00023776473,0.00018608624,0.00017900074,0.00023440558,0.00026093033,30,26,0.9024119,False,/content/traffic-sign-classification/data/gtsrb/GTSRB/Final_Test/Images/00237.ppm,Ice/snow,Traffic sigs
